fips,hsonly,ba.above
00000,28.0,29.3
01000,31.1,23.1
01001,33.5,21.9
01003,28.8,28.6
01005,33.4,13.6
01007,40.1,10.2
01009,34.5,12.3
01011,32.3,14.1
01013,37.1,14.3
01015,32.4,16.9
01017,37.3,12.2
01019,35.9,13.7
01021,40.0,13.5
01023,35.2,12.8
01025,43.9,11.9
01027,36.2,8.6
01029,38.6,10.6
01031,29.8,23.2
01033,33.8,17.6
01035,42.8,8.3
01037,39.5,9.1
01039,34.1,14.6
01041,38.6,12.5
01043,33.2,15.1
01045,31.1,16.9
01047,35.4,14.5
01049,34.9,11.3
01051,35.2,21.4
01053,40.3,12.5
01055,32.3,15.4
01057,38.1,13.8
01059,36.4,10.9
01061,38.5,11.2
01063,36.7,11.5
01065,40.8,14.0
01067,35.8,16.8
01069,33.9,20.1
01071,37.4,12.9
01073,26.6,30.3
01075,38.2,11.4
01077,33.6,22.1
01079,39.4,11.3
01081,26.0,33.2
01083,31.3,23.1
01085,33.9,13.2
01087,30.3,19.4
01089,21.2,38.6
01091,41.6,16.0
01093,34.1,11.1
01095,32.5,16.1
01097,32.8,21.4
01099,40.9,12.5
01101,26.3,31.3
01103,31.9,19.9
01105,38.7,9.1
01107,42.6,9.6
01109,33.7,23.6
01111,38.1,12.4
01113,32.5,15.5
01115,35.6,15.5
01117,21.4,40.2
01119,40.2,15.0
01121,37.8,12.5
01123,35.5,17.6
01125,30.9,27.7
01127,35.2,10.7
01129,48.5,10.3
01131,42.1,11.5
01133,33.3,11.1
02000,27.5,27.7
02010,,
02013,40.4,12.6
02016,36.7,15.4
02020,23.3,32.9
02050,41.7,11.4
02060,28.6,20.2
02068,26.1,29.5
02070,35.8,16.6
02090,24.2,30.5
02100,31.5,31.3
02105,30.1,29.3
02110,21.4,37.8
02122,32.4,23.3
02130,33.5,24.6
02150,25.7,21.6
02160,,
02164,40.3,13.7
02170,32.1,20.9
02180,42.5,14.7
02185,35.4,13.4
02188,41.8,12.0
02195,33.2,25.2
02198,42.1,16.3
02201,,
02220,21.7,32.9
02230,29.0,34.6
02231,,
02232,,
02240,31.3,20.7
02250,,
02261,26.5,24.1
02270,48.3,4.5
02275,35.5,18.7
02280,,
02282,39.2,20.3
02290,37.8,10.1
04000,24.5,27.1
04001,32.9,10.1
04003,23.7,23.1
04005,21.7,32.8
04007,30.1,17.1
04009,34.0,13.6
04011,36.9,11.8
04012,35.7,10.2
04013,23.3,30.0
04015,34.7,12.2
04017,29.0,14.5
04019,22.8,30.1
04021,29.9,17.8
04023,25.9,22.0
04025,25.9,24.9
04027,25.3,14.0
05000,35.0,20.6
05001,44.0,13.9
05003,43.5,12.7
05005,35.7,17.4
05007,30.7,29.6
05009,36.6,15.1
05011,43.0,11.2
05013,49.0,10.6
05015,35.9,17.0
05017,41.8,11.3
05019,35.1,22.3
05021,44.4,9.8
05023,37.4,17.2
05025,43.4,14.6
05027,35.2,21.3
05029,42.1,16.5
05031,32.6,24.8
05033,39.8,14.3
05035,36.4,14.6
05037,45.8,12.4
05039,53.1,11.8
05041,41.9,11.6
05043,37.2,20.4
05045,31.7,27.3
05047,40.6,12.6
05049,44.2,10.7
05051,32.5,21.0
05053,41.8,15.3
05055,42.8,14.9
05057,36.3,14.0
05059,41.3,14.1
05061,35.8,14.4
05063,39.0,14.8
05065,39.1,12.3
05067,46.6,7.9
05069,37.5,17.1
05071,41.2,16.3
05073,43.6,12.4
05075,44.0,11.8
05077,40.6,6.4
05079,45.8,8.5
05081,39.7,11.8
05083,42.2,11.8
05085,34.8,18.7
05087,45.4,9.7
05089,41.2,12.8
05091,41.0,12.7
05093,36.8,13.1
05095,38.3,12.1
05097,37.6,13.6
05099,39.9,14.2
05101,44.7,11.3
05103,42.1,15.9
05105,42.0,14.4
05107,29.7,12.9
05109,36.5,12.8
05111,42.4,8.0
05113,38.0,12.6
05115,33.3,21.1
05117,43.8,10.4
05119,27.6,32.0
05121,38.1,14.4
05123,37.3,11.8
05125,34.3,23.0
05127,36.8,12.2
05129,39.3,13.9
05131,32.0,19.7
05133,33.0,8.3
05135,42.8,10.6
05137,37.2,16.3
05139,36.5,17.4
05141,41.8,12.2
05143,28.1,29.3
05145,36.7,19.0
05147,42.5,9.0
05149,41.4,11.9
06000,20.7,31.0
06001,18.9,42.1
06003,29.3,30.5
06005,27.5,20.5
06007,23.5,25.0
06009,27.0,21.1
06011,24.5,14.3
06013,18.9,39.4
06015,31.7,16.0
06017,21.9,32.1
06019,22.7,19.5
06021,27.8,15.7
06023,25.9,27.5
06025,21.9,13.4
06027,32.8,21.4
06029,26.4,15.2
06031,25.1,12.5
06033,28.3,16.2
06035,27.4,12.9
06037,20.5,29.9
06039,23.6,13.5
06041,12.2,54.8
06043,28.0,22.4
06045,26.4,22.5
06047,25.2,13.0
06049,26.9,18.5
06051,17.4,33.3
06053,21.1,23.1
06055,19.2,31.9
06057,20.8,32.8
06059,17.8,37.3
06061,19.8,35.7
06063,23.5,22.7
06065,25.5,20.8
06067,22.1,28.2
06069,23.7,19.0
06071,26.3,18.8
06073,19.0,35.1
06075,13.1,52.9
06077,26.2,18.1
06079,20.2,32.1
06081,16.8,45.0
06083,17.8,31.4
06085,15.4,47.3
06087,15.6,37.5
06089,25.8,19.1
06091,32.8,19.0
06093,26.0,24.0
06095,24.1,24.3
06097,20.1,32.6
06099,28.6,16.4
06101,24.4,18.5
06103,30.3,14.1
06105,27.7,22.0
06107,25.0,13.3
06109,28.7,19.8
06111,19.0,31.6
06113,19.4,38.3
06115,25.5,14.2
08000,22.0,37.5
08001,29.3,21.6
08003,26.0,24.1
08005,20.6,39.4
08007,26.9,35.3
08009,32.4,16.1
08011,41.5,7.5
08013,12.8,58.2
08014,15.2,49.5
08015,27.9,34.2
08017,32.3,21.8
08019,21.6,40.8
08021,33.8,20.2
08023,27.9,18.2
08025,36.9,10.5
08027,22.6,34.8
08029,36.3,18.9
08031,18.1,43.7
08033,35.1,21.7
08035,13.6,55.9
08037,18.3,47.3
08039,28.2,29.5
08041,21.1,35.2
08043,36.4,15.9
08045,24.3,29.3
08047,21.9,29.5
08049,26.5,36.3
08051,16.9,54.4
08053,18.9,41.3
08055,28.9,28.9
08057,35.9,17.5
08059,21.4,41.1
08061,30.3,19.4
08063,33.1,13.9
08065,30.1,30.3
08067,19.2,43.4
08069,18.6,44.1
08071,28.6,18.0
08073,41.9,16.1
08075,33.9,15.9
08077,30.1,25.2
08079,23.0,39.4
08081,38.2,14.2
08083,29.3,26.4
08085,31.6,24.6
08087,31.4,13.9
08089,27.4,15.5
08091,19.8,50.0
08093,25.6,31.6
08095,29.8,18.2
08097,10.8,56.4
08099,28.2,13.9
08101,28.9,21.4
08103,34.3,20.8
08105,30.2,20.9
08107,18.5,48.7
08109,25.1,25.7
08111,29.6,27.1
08113,16.1,54.4
08115,33.9,18.6
08117,16.2,48.1
08119,25.9,30.9
08121,35.5,17.6
08123,27.3,25.9
08125,33.8,18.6
09000,27.6,37.0
09001,22.5,45.4
09003,27.5,35.6
09005,29.5,33.7
09007,27.7,39.7
09009,30.5,33.4
09011,31.2,31.5
09013,27.6,36.8
09015,35.7,22.9
10000,31.5,29.4
10001,33.4,22.7
10003,28.9,34.5
10005,36.7,21.9
11000,18.6,53.4
11001,18.6,53.4
12000,29.7,26.8
12001,21.7,40.8
12003,45.5,10.9
12005,30.9,21.6
12007,36.2,10.4
12009,29.6,26.7
12011,27.8,30.2
12013,38.8,9.2
12015,34.3,20.9
12017,38.3,16.8
12019,29.7,23.6
12021,27.0,32.3
12023,36.0,14.1
12027,39.3,9.9
12029,41.1,7.5
12031,28.9,26.5
12033,28.9,23.9
12035,33.5,23.4
12037,35.9,16.0
12039,34.6,16.3
12041,37.8,11.0
12043,44.1,10.3
12045,35.5,14.7
12047,38.9,10.8
12049,37.2,10.0
12051,34.8,10.6
12053,37.5,15.7
12055,35.7,15.9
12057,27.8,29.8
12059,36.5,10.9
12061,29.4,26.7
12063,35.6,14.2
12065,31.1,17.8
12067,34.6,11.6
12069,33.6,21.0
12071,32.0,25.3
12073,19.6,44.3
12075,40.5,10.5
12077,42.1,13.1
12079,38.1,10.4
12081,31.0,27.5
12083,36.5,17.2
12085,26.4,31.2
12086,28.5,26.4
12087,28.7,29.7
12089,34.5,23.0
12091,27.0,28.1
12093,34.8,10.7
12095,26.5,30.6
12097,34.3,17.8
12099,26.2,32.8
12101,34.0,21.1
12103,29.8,28.3
12105,36.2,18.6
12107,39.2,11.6
12109,21.5,41.4
12111,34.0,19.0
12113,28.2,26.5
12115,30.6,31.1
12117,24.5,35.0
12119,31.4,26.4
12121,41.4,11.9
12123,37.7,10.0
12125,37.4,8.6
12127,33.4,21.3
12129,38.6,17.2
12131,28.2,25.1
12133,40.2,11.4
13000,28.6,28.3
13001,42.6,12.9
13003,39.1,7.7
13005,40.0,12.1
13007,42.9,11.0
13009,38.3,18.3
13011,43.1,11.8
13013,35.0,16.6
13015,37.7,17.3
13017,39.0,10.8
13019,36.4,13.0
13021,32.7,23.4
13023,43.3,15.2
13025,44.3,6.9
13027,37.0,11.1
13029,26.9,32.4
13031,30.4,28.0
13033,40.0,10.0
13035,41.3,9.7
13037,37.0,9.4
13039,31.0,21.2
13043,39.5,15.1
13045,35.7,18.3
13047,31.0,18.5
13049,40.8,11.4
13051,26.3,32.3
13053,26.1,31.5
13055,38.3,8.5
13057,24.2,34.3
13059,22.1,39.3
13061,46.1,6.9
13063,31.5,18.1
13065,40.3,14.1
13067,19.5,43.8
13069,39.6,12.3
13071,36.7,12.9
13073,24.9,34.2
13075,37.1,13.4
13077,32.0,26.6
13079,39.9,11.1
13081,34.6,14.7
13083,35.1,16.2
13085,29.1,26.3
13087,34.8,15.1
13089,21.3,40.3
13091,42.7,14.4
13093,43.4,9.0
13095,28.2,17.8
13097,31.9,24.5
13099,38.8,14.8
13101,39.9,7.5
13103,37.2,17.9
13105,47.9,10.7
13107,40.9,10.0
13109,37.2,14.5
13111,39.1,14.7
13113,21.1,43.3
13115,30.6,18.6
13117,20.6,44.6
13119,36.0,12.0
13121,18.2,48.6
13123,33.0,16.9
13125,43.4,11.4
13127,28.6,26.4
13129,34.5,13.9
13131,36.7,12.7
13133,33.6,24.4
13135,23.3,34.4
13137,34.7,16.5
13139,29.5,22.8
13141,40.0,10.6
13143,37.8,13.8
13145,28.3,27.8
13147,38.0,14.6
13149,39.8,10.4
13151,30.7,26.2
13153,30.1,23.2
13155,39.3,10.7
13157,34.9,18.6
13159,39.9,14.0
13161,42.8,9.0
13163,42.2,9.2
13165,35.3,12.3
13167,40.0,9.6
13169,39.0,18.5
13171,37.6,16.6
13173,29.7,12.4
13175,43.9,14.5
13177,29.2,22.3
13179,31.1,19.5
13181,43.1,10.8
13183,38.4,13.9
13185,29.4,23.0
13187,30.1,27.5
13189,35.2,15.3
13191,37.3,14.2
13193,38.6,8.7
13195,39.5,14.8
13197,36.9,13.4
13199,38.2,9.3
13201,36.5,12.3
13205,39.6,11.1
13207,34.9,19.8
13209,44.8,14.4
13211,33.9,22.3
13213,36.9,8.6
13215,27.7,23.7
13217,32.1,19.4
13219,20.2,44.6
13221,37.7,18.2
13223,35.5,23.3
13225,32.6,19.5
13227,32.0,23.7
13229,40.2,12.7
13231,35.9,17.3
13233,38.1,12.7
13235,42.7,11.0
13237,37.5,18.1
13239,41.8,7.2
13241,34.5,25.8
13243,35.0,14.8
13245,31.5,20.4
13247,29.9,25.4
13249,33.5,14.1
13251,43.0,13.0
13253,38.7,15.1
13255,35.4,15.2
13257,39.3,15.7
13259,38.0,9.7
13261,32.4,19.4
13263,40.8,13.2
13265,43.6,8.3
13267,38.8,11.2
13269,36.2,10.1
13271,49.0,10.8
13273,35.0,10.1
13275,33.5,17.6
13277,32.4,16.6
13279,40.4,15.3
13281,36.0,22.2
13283,44.0,14.1
13285,36.7,18.6
13287,38.0,10.4
13289,41.5,9.6
13291,33.7,20.6
13293,35.0,11.4
13295,36.8,14.3
13297,34.8,17.2
13299,41.4,13.1
13301,45.9,8.0
13303,42.4,11.3
13305,41.8,12.2
13307,49.2,6.0
13309,51.7,8.1
13311,34.7,19.4
13313,29.3,14.3
13315,48.1,8.7
13317,42.8,15.3
13319,50.1,8.2
13321,40.6,7.8
15000,28.1,30.5
15001,32.7,25.9
15003,26.5,32.5
15005,28.4,43.3
15007,29.9,26.9
15009,31.5,25.6
16000,27.7,25.4
16001,21.6,36.4
16003,37.1,20.8
16005,26.9,27.3
16007,40.4,17.6
16009,41.9,13.3
16011,30.4,17.1
16013,15.5,44.8
16015,28.1,24.8
16017,30.8,21.7
16019,28.0,26.4
16021,37.7,14.1
16023,37.2,15.0
16025,26.9,22.0
16027,31.3,17.4
16029,34.7,17.8
16031,27.0,16.9
16033,33.3,15.9
16035,35.5,15.8
16037,34.1,26.2
16039,30.1,17.0
16041,34.6,18.2
16043,32.6,19.7
16045,36.0,16.9
16047,33.9,11.8
16049,40.1,16.8
16051,31.7,21.0
16053,28.6,13.3
16055,28.8,23.1
16057,20.7,44.0
16059,32.8,22.9
16061,34.4,16.5
16063,35.8,11.3
16065,16.3,34.4
16067,31.5,11.8
16069,31.2,22.1
16071,42.0,12.7
16073,37.3,9.0
16075,34.5,15.0
16077,42.4,12.5
16079,35.6,13.7
16081,20.7,38.2
16083,29.5,16.9
16085,26.6,34.0
16087,32.8,14.4
17000,27.0,31.9
17001,36.0,20.8
17003,33.6,7.7
17005,37.8,17.4
17007,36.2,19.4
17009,38.9,12.8
17011,39.4,17.5
17013,41.7,14.4
17015,42.8,15.5
17017,45.5,13.2
17019,22.4,42.5
17021,43.9,13.9
17023,37.0,18.4
17025,40.1,13.5
17027,33.0,20.1
17029,32.4,24.0
17031,24.1,35.3
17033,34.5,17.7
17035,38.7,13.9
17037,26.6,29.9
17039,41.4,17.4
17041,37.4,17.1
17043,19.2,46.7
17045,39.9,16.9
17047,35.9,10.2
17049,35.7,20.2
17051,41.8,13.4
17053,39.2,16.1
17055,35.0,12.7
17057,37.0,15.5
17059,36.5,10.7
17061,41.4,12.8
17063,36.2,21.4
17065,35.4,14.5
17067,39.6,18.6
17069,36.4,10.8
17071,43.6,14.1
17073,36.8,19.6
17075,41.3,14.7
17077,24.9,33.8
17079,38.3,18.4
17081,33.8,15.9
17083,36.4,16.2
17085,38.4,23.5
17087,32.0,15.8
17089,23.8,31.8
17091,34.2,17.6
17093,25.1,34.3
17095,37.4,17.6
17097,21.3,42.7
17099,37.7,16.3
17101,34.6,9.3
17103,37.4,16.5
17105,39.2,16.0
17107,35.3,16.4
17109,29.7,33.5
17111,26.6,32.2
17113,25.4,43.4
17115,34.3,23.1
17117,37.7,17.0
17119,33.0,24.8
17121,36.2,13.8
17123,40.0,17.7
17125,41.7,13.3
17127,32.6,15.3
17129,37.9,21.2
17131,40.9,15.5
17133,34.7,26.2
17135,42.7,12.7
17137,40.6,22.1
17139,38.1,15.5
17141,34.6,20.0
17143,29.2,29.3
17145,36.8,13.3
17147,35.0,26.6
17149,43.5,14.7
17151,35.0,14.7
17153,34.7,11.2
17155,39.7,13.7
17157,42.1,12.3
17159,33.1,21.3
17161,31.5,21.7
17163,28.2,25.6
17165,32.5,14.0
17167,28.5,33.0
17169,37.6,17.8
17171,47.5,12.1
17173,43.2,14.3
17175,37.7,17.6
17177,37.1,18.0
17179,33.3,24.6
17181,30.8,21.3
17183,40.4,13.8
17185,33.2,17.4
17187,36.4,20.5
17189,33.3,21.5
17191,34.9,12.5
17193,34.1,13.5
17195,36.3,16.6
17197,27.0,32.6
17199,29.6,22.1
17201,33.4,21.7
17203,32.9,27.9
18000,35.0,23.6
18001,43.0,14.9
18003,30.0,26.6
18005,34.8,27.9
18007,45.9,16.4
18009,49.9,10.5
18011,27.8,42.5
18013,37.6,21.2
18015,41.6,16.7
18017,40.8,13.6
18019,33.9,19.7
18021,44.7,14.2
18023,46.6,14.3
18025,48.1,10.7
18027,40.2,12.9
18029,40.0,18.2
18031,48.3,14.5
18033,41.2,17.0
18035,35.4,23.3
18037,40.6,17.9
18039,37.4,17.9
18041,43.4,10.1
18043,33.4,24.3
18045,45.7,12.5
18047,43.2,17.7
18049,43.4,12.5
18051,39.6,15.0
18053,41.2,17.2
18055,40.4,13.2
18057,16.1,55.6
18059,34.4,26.7
18061,43.1,15.5
18063,30.1,32.1
18065,44.9,15.0
18067,37.6,19.5
18069,42.2,18.0
18071,47.0,14.4
18073,44.2,15.3
18075,48.1,10.2
18077,39.1,17.2
18079,47.5,10.8
18081,34.2,27.3
18083,38.0,14.5
18085,37.2,21.4
18087,31.6,10.8
18089,35.8,20.0
18091,39.2,17.1
18093,41.3,14.6
18095,39.0,17.1
18097,28.9,27.7
18099,41.2,17.3
18101,41.2,11.8
18103,42.6,10.7
18105,23.3,44.2
18107,44.5,16.8
18109,42.0,15.5
18111,49.7,9.1
18113,40.5,14.2
18115,49.4,12.8
18117,45.1,12.1
18119,43.9,10.7
18121,41.8,14.3
18123,49.2,10.4
18125,48.9,12.0
18127,34.7,26.4
18129,38.4,21.3
18131,45.1,12.0
18133,42.4,15.5
18135,43.9,12.6
18137,45.2,16.8
18139,49.2,14.7
18141,32.0,27.2
18143,40.7,13.2
18145,43.3,15.0
18147,43.3,15.4
18149,43.4,11.2
18151,38.3,20.1
18153,41.1,13.0
18155,47.4,8.7
18157,27.7,35.2
18159,40.1,17.3
18161,39.6,19.3
18163,34.3,23.5
18165,46.3,13.2
18167,34.5,21.6
18169,43.9,17.1
18171,41.8,17.2
18173,32.9,26.8
18175,45.3,12.2
18177,38.8,17.7
18179,41.6,16.6
18181,43.1,15.1
18183,42.3,18.1
19000,32.5,26.4
19001,43.1,15.2
19003,41.7,14.7
19005,43.6,15.9
19007,36.4,18.4
19009,43.3,16.4
19011,37.5,20.0
19013,33.4,26.2
19015,36.4,22.5
19017,33.8,28.2
19019,42.6,17.3
19021,30.5,19.7
19023,41.5,15.5
19025,36.2,18.9
19027,41.2,18.2
19029,44.1,20.0
19031,37.5,20.8
19033,32.8,22.0
19035,35.9,20.5
19037,44.0,14.5
19039,43.2,15.7
19041,38.1,18.5
19043,45.0,16.2
19045,36.2,19.2
19047,36.9,14.3
19049,21.9,43.7
19051,37.5,16.8
19053,37.1,19.2
19055,44.0,14.9
19057,34.3,20.2
19059,31.6,25.2
19061,35.8,27.8
19063,34.8,14.8
19065,40.1,18.4
19067,37.9,17.0
19069,35.7,16.3
19071,39.5,20.9
19073,35.3,17.3
19075,36.5,20.5
19077,39.2,18.0
19079,34.3,19.0
19081,37.8,17.9
19083,34.9,19.0
19085,39.6,18.3
19087,35.9,20.5
19089,44.6,11.7
19091,38.1,16.6
19093,38.2,18.8
19095,38.1,21.7
19097,45.2,14.1
19099,40.0,17.7
19101,32.0,33.0
19103,16.4,51.7
19105,40.7,15.7
19107,42.8,15.3
19109,35.9,19.4
19111,42.5,15.5
19113,27.2,31.7
19115,39.3,14.2
19117,45.3,12.7
19119,38.5,19.6
19121,39.8,21.7
19123,38.1,22.4
19125,35.0,24.0
19127,32.9,20.1
19129,36.2,24.4
19131,44.4,15.1
19133,44.7,14.0
19135,44.1,17.3
19137,36.3,15.4
19139,34.4,18.2
19141,38.7,19.5
19143,39.2,14.4
19145,36.2,18.3
19147,33.3,18.3
19149,36.4,20.0
19151,39.3,18.2
19153,25.7,35.4
19155,35.6,19.7
19157,35.8,25.4
19159,37.2,18.9
19161,40.6,19.4
19163,27.9,31.9
19165,39.1,19.7
19167,32.6,24.9
19169,18.7,48.5
19171,40.5,16.2
19173,41.8,15.3
19175,37.2,16.6
19177,42.0,14.0
19179,38.0,15.3
19181,32.9,28.5
19183,34.9,21.5
19185,44.3,13.8
19187,32.8,19.1
19189,35.0,21.3
19191,37.5,26.8
19193,33.4,21.3
19195,34.1,15.7
19197,37.5,17.3
20000,27.2,30.7
20001,34.5,16.1
20003,39.0,17.5
20005,43.2,19.0
20007,37.8,18.1
20009,32.3,17.3
20011,31.4,21.4
20013,41.1,19.6
20015,26.9,27.5
20017,33.7,24.7
20019,37.4,17.7
20021,34.1,16.1
20023,32.5,18.7
20025,26.0,30.7
20027,34.0,22.3
20029,35.0,17.2
20031,38.0,19.7
20033,26.8,26.0
20035,28.4,19.4
20037,28.3,28.9
20039,35.9,23.3
20041,36.9,18.7
20043,38.5,17.6
20045,19.6,49.4
20047,30.9,21.7
20049,33.8,18.9
20051,28.1,32.3
20053,32.4,21.1
20055,24.3,18.6
20057,22.9,17.0
20059,37.1,21.0
20061,30.6,19.7
20063,38.4,21.7
20065,32.8,25.6
20067,29.5,18.5
20069,26.4,20.2
20071,33.8,20.0
20073,42.2,15.4
20075,29.6,13.1
20077,35.4,19.1
20079,30.3,25.8
20081,23.7,17.6
20083,27.3,21.0
20085,40.1,18.1
20087,41.0,21.0
20089,39.5,14.1
20091,15.4,52.1
20093,23.7,17.8
20095,33.2,18.9
20097,26.7,22.6
20099,31.8,20.1
20101,34.2,24.0
20103,31.5,29.8
20105,31.7,21.1
20107,36.3,14.3
20109,36.9,18.5
20111,34.3,25.0
20113,29.1,26.7
20115,35.1,22.6
20117,44.9,15.7
20119,31.4,22.0
20121,31.9,23.2
20123,35.7,22.1
20125,33.0,16.4
20127,39.0,16.9
20129,32.9,17.0
20131,43.6,21.9
20133,33.4,18.4
20135,39.1,19.1
20137,32.9,16.0
20139,39.7,20.7
20141,36.1,19.7
20143,34.0,19.9
20145,29.0,22.4
20147,35.2,20.4
20149,31.2,32.2
20151,26.8,24.4
20153,31.0,23.8
20155,28.6,19.7
20157,37.5,21.0
20159,32.2,21.4
20161,17.6,45.5
20163,36.2,21.6
20165,34.2,20.8
20167,34.1,23.9
20169,33.3,24.5
20171,37.1,20.0
20173,26.6,29.4
20175,26.0,12.6
20177,31.3,28.9
20179,32.8,21.4
20181,31.9,15.2
20183,34.7,18.9
20185,29.4,20.3
20187,25.6,17.9
20189,34.9,16.3
20191,37.8,18.4
20193,25.3,30.5
20195,32.8,23.2
20197,40.3,22.3
20199,34.3,21.2
20201,39.5,15.5
20203,27.9,18.9
20205,36.3,12.5
20207,39.3,18.4
20209,32.7,15.8
21000,33.7,21.8
21001,36.9,15.6
21003,36.6,13.3
21005,40.7,18.4
21007,40.8,12.4
21009,41.3,14.7
21011,39.3,11.5
21013,36.8,10.2
21015,28.2,30.8
21017,39.0,15.7
21019,36.2,16.7
21021,35.4,22.2
21023,42.7,14.6
21025,33.8,11.5
21027,44.1,9.4
21029,41.1,13.4
21031,44.1,8.7
21033,43.3,17.3
21035,31.3,27.5
21037,31.6,28.1
21039,37.8,13.1
21041,42.4,11.1
21043,42.2,11.1
21045,36.9,9.3
21047,33.7,15.7
21049,35.7,19.9
21051,36.3,9.5
21053,36.3,9.0
21055,37.8,11.3
21057,36.4,12.2
21059,38.3,19.9
21061,45.5,11.6
21063,40.1,6.4
21065,47.4,8.4
21067,21.1,40.2
21069,38.4,10.9
21071,33.6,12.8
21073,32.2,27.4
21075,36.6,13.2
21077,42.8,9.9
21079,39.1,16.5
21081,43.5,11.4
21083,37.3,16.7
21085,41.9,9.1
21087,46.9,10.8
21089,36.4,15.7
21091,45.2,11.6
21093,32.6,22.2
21095,35.8,11.1
21097,40.0,13.6
21099,42.4,9.8
21101,37.0,16.4
21103,45.3,11.6
21105,38.0,11.7
21107,39.8,13.9
21109,43.5,8.6
21111,27.5,30.8
21113,28.2,28.3
21115,40.0,10.5
21117,29.7,28.9
21119,35.6,12.8
21121,40.6,10.2
21123,44.6,10.8
21125,37.3,11.9
21127,40.4,11.7
21129,42.2,7.0
21131,32.4,8.2
21133,36.9,11.9
21135,42.6,10.9
21137,45.5,10.2
21139,45.7,10.0
21141,39.9,13.0
21143,38.8,15.8
21145,31.0,22.7
21147,38.1,7.5
21149,38.6,10.2
21151,29.3,28.6
21153,38.0,8.5
21155,44.1,13.0
21157,39.4,16.4
21159,36.6,7.3
21161,39.1,14.4
21163,38.4,13.4
21165,36.7,11.9
21167,39.1,18.3
21169,40.6,11.1
21171,43.6,11.7
21173,38.2,17.3
21175,35.9,12.6
21177,41.4,9.6
21179,41.8,16.2
21181,39.1,13.7
21183,43.6,8.2
21185,23.0,39.8
21187,46.6,14.0
21189,33.2,15.5
21191,45.6,12.6
21193,32.9,13.0
21195,36.3,12.5
21197,39.9,13.6
21199,40.7,14.5
21201,34.1,14.9
21203,42.5,11.1
21205,29.2,25.5
21207,35.7,12.0
21209,31.0,28.0
21211,31.7,23.7
21213,43.2,13.8
21215,36.7,17.4
21217,41.4,15.0
21219,41.6,10.2
21221,30.5,17.6
21223,44.8,13.5
21225,40.1,10.9
21227,31.3,27.3
21229,42.0,15.0
21231,37.3,10.0
21233,42.5,7.9
21235,37.9,14.5
21237,37.0,10.7
21239,30.3,32.4
22000,33.9,22.1
22001,38.8,9.9
22003,41.2,11.5
22005,35.1,25.8
22007,39.1,10.7
22009,40.0,9.3
22011,42.7,14.9
22013,41.3,12.0
22015,30.7,25.1
22017,33.2,23.5
22019,35.7,20.3
22021,43.4,9.8
22023,40.5,15.7
22025,41.8,11.6
22027,40.0,13.0
22029,40.0,10.5
22031,40.1,12.0
22033,26.2,34.1
22035,38.9,9.4
22037,43.0,12.9
22039,34.8,12.6
22041,38.2,12.0
22043,42.4,9.4
22045,40.3,14.3
22047,38.4,12.7
22049,42.7,13.3
22051,31.5,23.8
22053,40.5,14.3
22055,28.9,29.0
22057,39.8,15.1
22059,42.6,13.0
22061,27.0,34.6
22063,40.2,17.3
22065,35.7,11.4
22067,41.4,13.3
22069,36.1,20.6
22071,24.0,34.4
22073,33.6,22.8
22075,37.0,15.4
22077,43.6,12.6
22079,36.1,18.2
22081,44.3,11.2
22083,39.2,14.7
22085,41.2,13.8
22087,42.5,12.5
22089,36.7,20.1
22091,46.4,8.9
22093,44.2,13.4
22095,37.1,15.2
22097,44.1,13.1
22099,41.9,13.9
22101,41.6,11.1
22103,27.0,30.4
22105,35.2,19.3
22107,44.2,9.8
22109,39.6,12.9
22111,43.8,11.6
22113,41.7,13.0
22115,36.0,18.7
22117,40.5,11.0
22119,40.1,14.4
22121,40.0,18.0
22123,43.6,10.1
22125,36.0,19.1
22127,40.3,12.3
23000,33.5,28.4
23001,37.9,19.9
23003,38.8,17.0
23005,23.9,42.0
23007,38.0,24.5
23009,33.3,32.6
23011,35.9,23.9
23013,35.5,30.7
23015,32.0,32.3
23017,44.7,18.8
23019,35.6,24.2
23021,40.3,18.2
23023,31.7,32.3
23025,42.0,15.7
23027,35.3,29.0
23029,38.3,20.2
23031,32.4,29.1
24000,25.7,37.3
24001,42.3,17.0
24003,25.1,37.6
24005,27.3,36.0
24009,31.5,29.3
24011,43.1,13.9
24013,31.2,32.7
24015,36.7,21.8
24017,31.3,26.8
24019,38.0,19.3
24021,24.7,38.8
24023,43.2,18.4
24025,28.4,33.4
24027,14.5,60.4
24029,34.3,28.0
24031,14.2,57.4
24033,26.6,30.4
24035,29.8,34.1
24037,31.9,29.8
24039,42.1,15.1
24041,28.4,33.4
24043,37.6,19.9
24045,32.5,27.7
24047,33.3,28.2
24510,29.7,27.7
25000,25.6,40.0
25001,25.1,39.9
25003,32.1,31.3
25005,30.3,25.6
25007,24.0,41.2
25009,26.2,37.2
25011,27.6,34.4
25013,30.6,25.4
25015,24.9,43.2
25017,21.4,51.3
25019,22.8,45.7
25021,21.5,49.9
25023,29.3,34.0
25025,24.0,41.0
25027,28.7,34.1
26000,30.2,26.4
26001,38.8,13.5
26003,45.9,17.1
26005,38.9,20.8
26007,34.5,16.1
26009,33.5,24.9
26011,43.2,11.5
26013,42.5,12.5
26015,37.6,18.5
26017,35.5,18.6
26019,34.3,24.8
26021,31.5,24.8
26023,41.5,13.1
26025,34.7,19.6
26027,36.9,16.9
26029,31.6,27.1
26031,40.1,16.8
26033,38.1,19.4
26035,40.2,10.5
26037,28.0,28.7
26039,36.0,15.8
26041,36.7,18.0
26043,40.7,21.4
26045,29.9,24.2
26047,27.1,33.3
26049,33.1,19.2
26051,40.2,12.5
26053,39.2,17.6
26055,27.8,30.8
26057,41.7,13.8
26059,40.9,15.6
26061,34.6,29.6
26063,44.3,14.1
26065,21.2,36.5
26067,38.9,14.2
26069,39.7,14.5
26071,43.1,19.9
26073,32.5,26.1
26075,34.6,19.0
26077,23.9,34.4
26079,42.7,13.0
26081,26.0,32.6
26083,32.7,24.6
26085,42.2,9.2
26087,38.2,16.8
26089,23.5,39.5
26091,36.9,19.7
26093,26.4,33.0
26095,42.3,12.4
26097,38.0,17.9
26099,30.8,23.1
26101,36.7,19.4
26103,32.9,28.8
26105,34.4,20.1
26107,35.1,22.2
26109,42.3,15.5
26111,28.5,32.0
26113,43.5,13.3
26115,35.7,18.5
26117,39.1,13.4
26119,40.8,10.3
26121,34.9,17.6
26123,41.3,13.0
26125,20.5,43.7
26127,35.4,16.1
26129,41.6,11.6
26131,40.1,15.8
26133,44.5,12.9
26135,41.7,9.8
26137,37.2,20.5
26139,29.6,30.5
26141,40.1,16.4
26143,39.5,13.3
26145,34.3,20.1
26147,35.7,17.3
26149,38.6,15.0
26151,46.6,11.6
26153,47.3,13.9
26155,37.8,15.1
26157,41.2,13.5
26159,34.9,18.4
26161,15.9,51.8
26163,30.3,21.6
26165,39.4,16.7
27000,26.4,33.2
27001,40.8,14.8
27003,28.8,27.3
27005,33.1,21.6
27007,26.9,26.7
27009,32.9,20.3
27011,42.6,18.3
27013,29.0,30.4
27015,38.9,21.5
27017,36.5,22.3
27019,21.2,45.0
27021,36.2,19.6
27023,34.2,17.6
27025,34.3,21.5
27027,28.8,30.5
27029,38.5,14.2
27031,24.5,40.6
27033,36.7,17.0
27035,31.1,23.0
27037,22.1,39.5
27039,32.9,24.1
27041,30.5,24.2
27043,40.2,17.0
27045,36.1,18.7
27047,36.7,15.3
27049,32.8,23.5
27051,34.1,18.3
27053,18.2,46.4
27055,34.8,22.0
27057,31.6,24.3
27059,38.8,17.1
27061,33.7,21.7
27063,35.2,18.6
27065,39.9,13.4
27067,29.6,21.9
27069,34.4,21.2
27071,36.6,18.4
27073,38.9,18.6
27075,35.8,23.2
27077,43.4,16.2
27079,34.6,21.6
27081,41.0,19.6
27083,34.7,27.2
27085,36.3,18.9
27087,37.4,13.0
27089,38.7,17.9
27091,38.0,17.9
27093,39.0,18.0
27095,36.5,15.3
27097,39.1,16.4
27099,32.9,17.9
27101,37.8,17.2
27103,26.8,32.3
27105,33.6,14.4
27107,39.3,14.7
27109,21.6,40.2
27111,31.0,23.6
27113,33.5,16.6
27115,43.1,12.6
27117,34.9,18.0
27119,31.3,21.3
27121,34.0,20.6
27123,22.6,39.8
27125,40.6,16.1
27127,38.4,16.3
27129,37.7,15.6
27131,31.0,27.5
27133,41.2,18.0
27135,38.2,18.0
27137,29.7,26.4
27139,23.7,38.3
27141,26.2,26.2
27143,41.2,15.8
27145,30.2,25.5
27147,36.0,24.8
27149,29.0,26.3
27151,38.6,16.6
27153,37.2,13.8
27155,36.3,16.8
27157,39.4,20.7
27159,38.8,12.9
27161,36.0,19.9
27163,22.2,41.3
27165,37.7,16.7
27167,31.0,16.4
27169,30.1,27.5
27171,29.5,27.4
27173,38.9,17.3
28000,30.2,20.4
28001,34.7,17.2
28003,34.5,16.2
28005,35.0,11.5
28007,31.7,15.1
28009,38.5,8.6
28011,25.6,21.4
28013,32.9,10.6
28015,35.2,13.1
28017,37.2,10.5
28019,36.2,13.1
28021,28.3,16.5
28023,34.0,12.0
28025,31.8,19.1
28027,27.5,17.8
28029,31.8,13.9
28031,36.7,14.5
28033,30.3,21.7
28035,27.4,26.8
28037,38.6,16.7
28039,43.7,11.1
28041,38.7,8.7
28043,32.2,14.2
28045,28.9,22.5
28047,29.3,20.8
28049,24.4,27.5
28051,35.0,12.0
28053,27.0,12.0
28055,32.3,7.8
28057,32.5,13.0
28059,31.4,20.5
28061,35.5,13.3
28063,34.7,20.4
28065,37.1,14.7
28067,28.6,17.3
28069,32.0,10.8
28071,22.1,36.9
28073,24.1,34.1
28075,30.3,19.0
28077,36.1,12.8
28079,35.4,11.6
28081,27.5,21.7
28083,30.7,18.6
28085,35.3,14.7
28087,29.4,21.4
28089,16.2,46.3
28091,35.7,12.3
28093,37.4,11.3
28095,35.7,14.1
28097,33.8,15.7
28099,30.5,13.8
28101,31.7,15.8
28103,32.6,11.2
28105,19.6,42.6
28107,34.1,14.9
28109,34.0,13.5
28111,39.7,8.4
28113,31.4,16.3
28115,35.8,12.2
28117,34.5,11.8
28119,26.7,13.6
28121,27.2,28.7
28123,33.9,11.2
28125,33.0,21.6
28127,38.0,13.4
28129,41.6,13.6
28131,33.2,13.1
28133,27.7,13.8
28135,33.2,9.7
28137,28.5,16.8
28139,35.2,10.7
28141,39.0,11.3
28143,30.0,17.6
28145,32.3,14.9
28147,39.6,13.0
28149,29.5,25.2
28151,28.8,18.7
28153,38.3,10.3
28155,32.0,19.0
28157,36.1,14.6
28159,32.3,17.0
28161,38.7,11.1
28163,36.4,12.4
29000,31.4,26.7
29001,34.2,28.6
29003,40.7,22.4
29005,43.1,21.4
29007,46.7,12.3
29009,40.8,13.3
29011,41.0,15.3
29013,45.1,12.1
29015,44.4,11.8
29017,43.6,11.5
29019,19.7,47.7
29021,37.8,19.7
29023,37.0,14.0
29025,42.8,15.3
29027,37.9,21.3
29029,34.9,22.0
29031,33.1,28.1
29033,47.3,17.0
29035,28.3,14.8
29037,34.5,24.0
29039,41.6,14.3
29041,47.4,13.4
29043,30.9,26.5
29045,43.3,10.9
29047,28.0,30.7
29049,39.5,17.5
29051,30.9,30.9
29053,40.1,19.3
29055,39.1,13.6
29057,41.5,15.2
29059,41.4,13.9
29061,41.8,15.0
29063,48.3,10.9
29065,37.6,12.4
29067,43.3,9.7
29069,40.2,10.9
29071,35.1,18.0
29073,42.1,15.6
29075,42.8,17.3
29077,28.2,28.7
29079,39.0,16.8
29081,49.8,12.0
29083,41.0,15.1
29085,42.1,11.2
29087,45.8,18.3
29089,37.0,23.6
29091,38.7,15.0
29093,39.0,10.9
29095,29.5,28.0
29097,34.8,21.0
29099,33.9,18.0
29101,30.1,26.0
29103,45.7,13.6
29105,40.6,14.1
29107,41.4,17.8
29109,39.9,15.6
29111,46.7,13.4
29113,41.3,14.2
29115,52.4,12.1
29117,46.4,17.1
29119,34.3,12.3
29121,44.6,15.7
29123,35.5,9.9
29125,42.2,15.3
29127,38.2,18.4
29129,48.6,14.2
29131,41.3,15.4
29133,41.5,10.1
29135,42.7,17.2
29137,48.0,14.0
29139,43.2,12.1
29141,41.8,13.4
29143,41.2,11.9
29145,33.3,18.8
29147,43.1,23.4
29149,41.1,9.3
29151,48.0,17.5
29153,42.9,13.6
29155,39.3,11.4
29157,44.0,16.1
29159,32.7,16.7
29161,33.1,28.1
29163,43.3,12.2
29165,23.2,39.2
29167,39.5,17.0
29169,32.3,21.6
29171,43.3,15.2
29173,48.1,13.3
29175,39.4,13.9
29177,46.2,13.9
29179,46.0,6.2
29181,37.3,10.7
29183,25.9,35.5
29185,45.9,11.7
29186,39.3,12.4
29187,32.9,14.6
29189,22.3,41.4
29195,39.7,18.1
29197,46.8,10.4
29199,37.9,16.9
29201,41.9,14.0
29203,40.2,14.2
29205,44.0,13.6
29207,40.4,13.7
29209,40.4,15.3
29211,46.9,11.8
29213,35.7,17.9
29215,45.9,12.6
29217,42.5,14.7
29219,34.6,16.9
29221,41.3,7.8
29223,39.1,10.2
29225,41.3,16.0
29227,46.0,16.4
29229,40.6,12.2
29510,24.2,30.4
30000,29.8,29.1
30001,31.7,27.2
30003,32.9,15.8
30005,30.6,17.3
30007,39.5,21.3
30009,30.8,29.1
30011,38.1,16.4
30013,30.3,25.5
30015,33.2,24.4
30017,29.3,19.5
30019,31.2,21.2
30021,31.0,18.3
30023,36.1,18.6
30025,41.2,16.4
30027,35.4,27.6
30029,30.8,28.1
30031,19.6,46.7
30033,45.1,14.6
30035,31.3,18.3
30037,41.4,20.8
30039,32.6,27.5
30041,25.8,23.5
30043,29.8,33.5
30045,34.3,32.1
30047,30.7,24.9
30049,23.4,37.6
30051,23.0,22.4
30053,33.6,18.9
30055,44.9,17.5
30057,31.7,29.4
30059,40.0,18.4
30061,46.0,12.6
30063,22.6,40.2
30065,38.7,15.1
30067,31.6,33.4
30069,45.4,18.0
30071,37.7,19.8
30073,31.1,21.9
30075,31.1,20.5
30077,35.4,18.9
30079,45.6,14.0
30081,34.4,24.2
30083,36.5,17.3
30085,40.1,12.6
30087,29.9,22.9
30089,42.0,15.5
30091,29.8,21.3
30093,37.2,23.5
30095,36.0,23.5
30097,36.5,27.8
30099,34.5,22.4
30101,35.6,14.4
30103,35.4,19.2
30105,37.3,17.0
30107,40.8,18.9
30109,34.6,18.4
30111,30.8,28.7
30113,,
31000,27.8,29.0
31001,33.5,22.3
31003,35.7,18.3
31005,20.5,31.6
31007,33.1,13.6
31009,42.0,15.7
31011,43.6,15.4
31013,36.3,15.5
31015,42.8,18.6
31017,36.0,19.6
31019,25.6,32.8
31021,35.9,16.5
31023,39.0,14.0
31025,32.1,24.5
31027,42.1,16.5
31029,35.7,19.0
31031,30.9,20.4
31033,29.4,23.8
31035,32.0,17.5
31037,32.9,14.1
31039,37.4,18.1
31041,35.6,20.3
31043,34.8,11.9
31045,24.4,39.1
31047,33.5,15.1
31049,33.5,18.5
31051,38.0,16.6
31053,38.1,18.6
31055,21.9,36.6
31057,33.0,21.8
31059,39.1,19.7
31061,37.6,17.8
31063,36.4,16.9
31065,35.5,18.1
31067,34.7,20.5
31069,35.5,22.0
31071,44.1,12.8
31073,38.6,18.0
31075,39.5,18.6
31077,41.6,15.1
31079,31.6,17.7
31081,31.6,24.8
31083,38.5,14.5
31085,28.8,19.0
31087,35.3,15.3
31089,34.6,20.1
31091,33.5,23.6
31093,41.7,18.7
31095,43.0,13.2
31097,42.6,13.2
31099,31.2,24.9
31101,31.5,22.0
31103,44.3,15.8
31105,34.4,15.9
31107,38.3,18.9
31109,23.0,36.2
31111,32.8,19.9
31113,30.2,20.4
31115,41.7,14.4
31117,32.1,25.6
31119,28.1,21.3
31121,36.5,16.0
31123,33.1,17.0
31125,36.4,14.4
31127,35.1,27.1
31129,43.8,16.1
31131,38.1,22.0
31133,45.0,14.5
31135,30.7,20.7
31137,31.5,23.8
31139,38.4,20.4
31141,31.6,20.6
31143,33.9,19.5
31145,35.8,19.6
31147,40.7,21.7
31149,40.8,20.1
31151,34.4,14.3
31153,22.8,36.6
31155,33.1,24.5
31157,30.5,21.2
31159,29.8,26.8
31161,31.7,24.1
31163,42.5,14.5
31165,30.9,25.1
31167,33.9,19.4
31169,37.9,17.8
31171,28.5,24.2
31173,33.1,15.6
31175,42.9,17.4
31177,32.7,29.8
31179,22.1,36.4
31181,35.0,18.5
31183,41.2,18.6
31185,34.3,24.1
32000,28.7,22.5
32001,33.6,14.4
32003,29.1,22.2
32005,25.9,25.6
32007,28.0,17.5
32009,41.5,13.3
32011,31.5,22.9
32013,37.1,12.4
32015,36.7,9.8
32017,35.9,15.1
32019,29.9,15.9
32021,34.7,10.8
32023,34.3,13.4
32027,35.1,11.8
32029,30.2,20.7
32031,24.7,27.9
32033,34.0,15.5
32510,29.7,20.4
33000,29.1,34.4
33001,30.4,29.2
33003,30.3,32.2
33005,34.0,30.8
33007,39.1,17.8
33009,28.5,37.5
33011,27.5,35.5
33013,29.2,33.7
33015,27.4,38.0
33017,28.7,33.2
33019,37.1,27.4
34000,28.8,36.4
34001,33.4,24.4
34003,25.0,46.1
34005,29.8,35.3
34007,31.7,29.7
34009,35.1,29.2
34011,39.2,13.8
34013,28.8,32.3
34015,34.5,28.7
34017,26.3,36.8
34019,22.7,48.3
34021,25.6,39.8
34023,26.4,40.7
34025,25.8,42.0
34027,22.8,50.6
34029,36.7,26.3
34031,34.6,26.2
34033,38.1,20.4
34035,21.7,52.0
34037,30.9,33.1
34039,29.7,32.3
34041,35.0,29.5
35000,26.3,26.1
35001,23.6,32.3
35003,33.0,20.7
35005,26.4,18.4
35006,36.4,11.7
35007,33.3,20.6
35009,25.5,20.4
35011,35.7,11.6
35013,21.8,27.4
35015,33.9,16.8
35017,27.4,25.6
35019,39.9,12.8
35021,44.1,23.9
35023,30.5,15.6
35025,29.6,12.6
35027,26.7,26.1
35028,11.0,64.0
35029,32.5,13.9
35031,32.8,11.4
35033,40.6,8.0
35035,30.1,17.2
35037,35.9,13.8
35039,31.2,15.5
35041,25.4,22.8
35043,26.4,28.6
35045,32.2,15.2
35047,29.9,19.9
35049,21.2,39.9
35051,35.5,18.9
35053,33.6,19.2
35055,24.2,28.9
35057,33.2,16.2
35059,35.9,19.0
35061,30.7,16.5
36000,26.9,33.7
36001,26.5,38.7
36003,40.1,19.1
36005,27.7,18.3
36007,33.0,26.2
36009,41.2,18.0
36011,34.8,20.2
36013,35.4,21.1
36015,35.4,22.9
36017,39.4,17.2
36019,35.5,22.4
36021,30.6,28.5
36023,36.5,22.7
36025,38.6,20.5
36027,26.7,33.4
36029,28.4,31.2
36031,33.6,23.8
36033,36.6,17.7
36035,38.4,15.7
36037,37.7,20.2
36039,37.2,20.1
36041,32.4,23.8
36043,34.4,21.3
36045,34.1,20.5
36047,26.9,31.6
36049,45.6,14.2
36051,34.7,23.9
36053,33.4,27.2
36055,24.8,35.9
36057,35.9,16.3
36059,24.3,42.3
36061,12.8,59.3
36063,35.6,22.9
36065,32.9,23.1
36067,26.7,33.5
36069,28.7,31.6
36071,29.4,28.6
36073,40.5,16.2
36075,40.2,17.7
36077,34.1,27.2
36079,26.5,38.2
36081,27.3,30.2
36083,29.7,28.5
36085,31.9,30.6
36087,22.9,40.7
36089,35.9,21.6
36091,25.7,38.0
36093,31.0,29.8
36095,38.7,19.1
36097,38.7,18.0
36099,33.8,19.6
36101,36.9,20.8
36103,29.7,33.5
36105,33.5,21.1
36107,35.8,23.8
36109,19.4,50.3
36111,29.4,30.1
36113,33.3,28.3
36115,42.3,18.5
36117,36.8,21.3
36119,20.9,46.0
36121,40.0,14.7
36123,35.6,24.3
37000,26.9,27.8
37001,28.8,21.0
37003,39.5,13.0
37005,33.7,17.4
37007,41.3,10.7
37009,31.0,18.6
37011,29.5,20.1
37013,31.4,17.8
37015,38.1,11.1
37017,32.6,11.5
37019,27.9,25.4
37021,25.2,35.1
37023,29.7,17.4
37025,27.6,26.2
37027,32.2,13.4
37029,23.9,19.3
37031,28.0,24.2
37033,35.9,10.7
37035,30.3,21.5
37037,24.4,36.2
37039,31.3,18.4
37041,32.7,20.9
37043,29.9,20.1
37045,34.1,16.5
37047,30.5,12.7
37049,28.1,21.6
37051,26.3,22.9
37053,31.0,19.2
37055,24.4,29.4
37057,33.7,17.9
37059,31.8,25.6
37061,29.7,10.4
37063,17.7,45.6
37065,36.2,10.7
37067,26.1,32.1
37069,32.5,18.2
37071,29.4,18.5
37073,37.1,12.5
37075,32.5,16.6
37077,32.3,17.7
37079,32.5,9.7
37081,25.5,33.7
37083,35.9,11.9
37085,30.7,18.9
37087,28.8,23.8
37089,26.9,28.3
37091,31.5,14.3
37093,27.4,18.4
37095,37.8,11.2
37097,28.4,25.1
37099,27.2,29.3
37101,29.8,20.0
37103,33.2,13.7
37105,27.8,20.2
37107,32.0,13.9
37109,29.6,19.9
37111,37.1,13.9
37113,29.7,22.4
37115,32.6,20.3
37117,35.9,12.9
37119,19.2,41.5
37121,34.6,16.4
37123,28.8,14.9
37125,25.7,32.0
37127,34.6,18.4
37129,22.2,37.2
37131,35.0,11.1
37133,28.8,18.4
37135,15.7,56.2
37137,31.8,19.9
37139,29.3,18.9
37141,31.6,21.6
37143,36.8,16.7
37145,36.2,14.0
37147,25.1,28.8
37149,28.4,30.0
37151,35.3,14.1
37153,36.6,13.1
37155,32.6,12.4
37157,35.8,13.1
37159,32.7,17.2
37161,31.6,16.4
37163,33.7,12.1
37165,35.0,15.0
37167,33.3,15.6
37169,38.4,13.6
37171,30.2,15.2
37173,31.9,15.3
37175,28.4,29.0
37177,39.7,8.0
37179,26.4,32.3
37181,36.5,12.7
37183,16.8,48.3
37185,34.6,15.2
37187,38.1,9.5
37189,20.3,38.0
37191,29.6,17.2
37193,32.6,12.9
37195,32.8,18.4
37197,35.5,13.0
37199,33.3,18.7
38000,27.4,27.3
38001,36.6,23.9
38003,32.4,24.3
38005,34.9,12.5
38007,39.3,19.5
38009,30.8,17.9
38011,33.7,20.0
38013,33.3,18.5
38015,24.6,33.4
38017,20.3,37.4
38019,26.4,19.0
38021,30.9,25.0
38023,33.4,23.3
38025,35.8,19.3
38027,30.3,19.9
38029,34.6,14.8
38031,31.2,20.0
38033,25.1,22.1
38035,24.3,32.6
38037,38.3,17.2
38039,33.6,18.4
38041,36.1,16.0
38043,30.1,19.1
38045,31.2,22.1
38047,37.7,14.0
38049,36.8,15.7
38051,29.4,18.1
38053,30.8,21.1
38055,34.0,17.6
38057,30.2,19.8
38059,29.5,25.3
38061,30.0,18.6
38063,28.3,19.4
38065,30.0,19.6
38067,37.2,18.8
38069,31.1,15.3
38071,28.4,22.8
38073,37.1,18.6
38075,29.0,16.9
38077,27.4,22.4
38079,21.6,20.0
38081,33.4,20.1
38083,37.1,16.9
38085,29.1,17.4
38087,31.6,23.6
38089,30.8,24.3
38091,31.9,17.4
38093,37.0,22.3
38095,33.3,18.8
38097,24.7,27.9
38099,34.5,18.1
38101,29.5,25.3
38103,34.0,19.7
38105,30.2,19.1
39000,34.5,25.6
39001,44.1,9.8
39003,39.7,17.2
39005,44.1,19.7
39007,44.9,13.4
39009,31.6,28.8
39011,42.4,18.2
39013,44.4,14.9
39015,47.6,11.4
39017,34.3,28.1
39019,49.3,10.6
39021,44.9,16.0
39023,36.7,18.2
39025,34.8,26.2
39027,42.6,15.2
39029,46.9,13.6
39031,48.9,12.1
39033,44.9,12.6
39035,28.4,30.3
39037,49.9,11.6
39039,44.4,16.3
39041,20.3,51.1
39043,39.3,21.1
39045,34.4,26.2
39047,45.7,13.8
39049,25.5,36.7
39051,40.7,16.7
39053,40.5,14.7
39055,28.1,36.0
39057,25.8,36.9
39059,43.4,13.2
39061,27.2,34.3
39063,36.9,24.9
39065,49.0,14.5
39067,49.0,9.5
39069,44.0,14.8
39071,43.4,11.2
39073,44.5,13.7
39075,33.5,7.8
39077,47.8,13.1
39079,42.5,17.3
39081,43.1,15.2
39083,40.7,21.4
39085,33.8,26.0
39087,44.2,14.8
39089,37.7,22.6
39091,48.6,14.8
39093,34.3,22.3
39095,31.9,24.2
39097,40.4,15.7
39099,39.0,21.5
39101,42.5,12.5
39103,32.7,29.9
39105,43.7,11.9
39107,48.3,15.9
39109,38.5,19.7
39111,50.2,10.3
39113,29.3,24.8
39115,46.9,10.7
39117,45.9,13.8
39119,44.4,14.6
39121,51.7,9.5
39123,39.7,21.4
39125,49.5,12.7
39127,45.5,11.0
39129,43.2,16.4
39131,44.1,11.4
39133,38.4,25.5
39135,45.2,12.2
39137,43.0,20.2
39139,41.3,15.9
39141,43.4,15.0
39143,41.8,14.1
39145,39.7,14.4
39147,45.6,14.7
39149,45.2,15.6
39151,38.7,21.5
39153,32.4,29.9
39155,44.9,17.4
39157,47.9,14.7
39159,37.2,26.0
39161,48.4,15.4
39163,45.6,8.7
39165,27.3,38.7
39167,42.6,16.6
39169,42.1,20.2
39171,46.1,13.7
39173,31.0,30.8
39175,49.2,13.0
40000,31.7,23.8
40001,42.0,12.9
40003,38.6,20.3
40005,42.3,13.1
40007,37.0,17.9
40009,39.7,16.9
40011,39.1,16.7
40013,34.4,20.7
40015,40.9,15.0
40017,28.7,25.4
40019,41.0,18.2
40021,30.3,23.9
40023,39.8,14.2
40025,36.7,17.5
40027,27.0,31.0
40029,43.9,13.0
40031,33.5,20.4
40033,41.4,16.0
40035,40.0,13.9
40037,39.5,15.0
40039,34.8,27.3
40041,38.5,16.4
40043,40.2,22.6
40045,35.7,24.9
40047,35.7,21.5
40049,43.7,15.0
40051,37.1,17.2
40053,36.1,22.1
40055,35.3,13.2
40057,28.6,20.5
40059,40.3,17.9
40061,37.6,11.4
40063,38.3,11.1
40065,27.6,19.8
40067,44.3,11.4
40069,31.8,17.9
40071,33.0,19.7
40073,35.4,19.4
40075,34.3,18.5
40077,33.4,14.1
40079,38.4,12.9
40081,39.6,13.1
40083,33.3,26.5
40085,43.2,16.1
40087,34.8,21.5
40089,40.9,14.2
40091,38.6,13.5
40093,41.2,16.2
40095,35.2,14.2
40097,38.2,15.9
40099,38.9,20.2
40101,35.0,18.7
40103,35.1,21.3
40105,40.8,13.1
40107,37.9,10.5
40109,25.2,30.2
40111,37.8,14.5
40113,41.6,16.2
40115,35.9,13.8
40117,43.3,16.5
40119,26.8,36.4
40121,36.6,15.6
40123,33.1,27.1
40125,36.2,18.0
40127,39.4,12.2
40129,38.5,21.2
40131,32.9,23.1
40133,36.9,13.4
40135,40.4,13.1
40137,40.2,17.5
40139,27.9,19.5
40141,37.9,16.1
40143,26.0,30.0
40145,35.0,21.5
40147,33.7,26.1
40149,40.6,17.6
40151,32.3,25.7
40153,39.4,18.8
41000,24.5,30.1
41001,32.2,20.4
41003,15.0,51.4
41005,23.8,32.0
41007,25.7,23.6
41009,34.0,17.1
41011,32.9,18.8
41013,37.1,14.7
41015,29.8,22.2
41017,23.4,31.3
41019,32.3,15.9
41021,35.5,18.8
41023,32.2,19.5
41025,35.0,16.9
41027,24.8,32.0
41029,27.2,25.1
41031,31.2,16.0
41033,31.8,17.3
41035,30.9,19.6
41037,33.2,18.3
41039,25.0,28.2
41041,28.1,24.3
41043,31.4,17.5
41045,30.1,13.7
41047,27.0,21.7
41049,34.8,10.2
41051,18.9,40.3
41053,27.1,28.9
41055,35.4,18.5
41057,37.4,19.5
41059,29.3,15.8
41061,32.5,22.7
41063,33.7,25.1
41065,28.3,18.7
41067,19.1,39.7
41069,35.9,16.1
41071,30.7,22.4
42000,36.8,28.1
42001,42.1,21.2
42003,30.5,36.9
42005,50.0,14.6
42007,39.5,22.6
42009,49.9,13.7
42011,38.7,22.7
42013,48.9,18.6
42015,48.3,17.0
42017,31.3,36.5
42019,35.6,31.7
42021,46.3,18.9
42023,50.7,14.6
42025,46.6,15.0
42027,32.0,40.4
42029,23.7,48.8
42031,47.6,19.3
42033,51.1,13.2
42035,46.3,17.2
42037,45.7,21.2
42039,45.3,19.6
42041,35.2,32.8
42043,35.1,28.2
42045,32.1,35.5
42047,51.2,15.4
42049,40.6,25.6
42051,49.7,13.9
42053,50.5,9.2
42055,43.3,19.1
42057,51.9,12.7
42059,47.0,17.0
42061,51.4,14.3
42063,43.4,23.3
42065,51.5,14.3
42067,52.0,12.2
42069,38.1,25.7
42071,38.6,24.7
42073,44.6,19.4
42075,44.1,19.8
42077,33.4,28.1
42079,39.5,21.4
42081,41.7,19.4
42083,48.9,15.6
42085,44.0,20.6
42087,50.2,11.9
42089,37.2,23.2
42091,24.9,46.2
42093,40.5,28.3
42095,35.2,27.2
42097,51.3,14.3
42099,45.5,16.1
42101,34.4,24.5
42103,36.2,22.9
42105,49.3,15.4
42107,48.3,14.9
42109,45.8,16.6
42111,49.8,14.9
42113,49.5,15.6
42115,48.0,16.7
42117,43.8,19.4
42119,42.1,21.3
42121,49.7,15.9
42123,46.6,18.4
42125,39.7,26.6
42127,42.7,19.6
42129,39.0,26.2
42131,47.9,17.9
42133,41.2,22.5
44000,27.4,31.4
44001,23.4,43.5
44003,29.2,30.1
44005,23.0,44.9
44007,28.6,26.4
44009,23.2,43.8
45000,30.0,25.3
45001,35.7,12.3
45003,31.5,24.8
45005,34.3,12.7
45007,31.5,19.2
45009,24.4,18.3
45011,38.7,11.7
45013,24.3,37.4
45015,31.7,21.6
45017,36.8,16.8
45019,21.3,40.0
45021,37.3,14.7
45023,39.2,13.0
45025,40.1,12.4
45027,38.0,13.6
45029,37.3,14.1
45031,37.3,16.1
45033,38.9,8.3
45035,29.1,24.9
45037,37.4,18.6
45039,39.6,15.2
45041,33.5,21.5
45043,32.1,23.8
45045,26.2,31.6
45047,29.8,23.0
45049,40.3,11.1
45051,32.3,22.9
45053,40.3,13.0
45055,34.2,20.0
45057,35.1,20.3
45059,36.2,14.3
45061,40.0,9.7
45063,28.0,28.7
45065,31.6,17.7
45067,40.5,15.0
45069,41.8,9.0
45071,33.6,17.8
45073,33.3,22.1
45075,35.3,18.8
45077,30.9,22.4
45079,22.3,36.2
45081,40.5,12.2
45083,30.1,21.9
45085,29.9,18.9
45087,37.1,13.6
45089,40.7,12.0
45091,28.1,28.6
46000,31.5,26.7
46003,38.9,18.5
46005,33.0,20.3
46007,27.1,16.5
46009,39.5,17.6
46011,26.1,41.4
46013,33.2,26.9
46015,32.3,21.4
46017,40.2,8.6
46019,35.2,18.2
46021,42.1,19.3
46023,36.1,18.0
46025,37.3,20.2
46027,28.9,43.1
46029,39.7,20.3
46031,35.3,14.1
46033,29.1,27.4
46035,28.8,26.4
46037,39.4,17.8
46039,37.4,22.1
46041,35.5,14.9
46043,37.5,18.1
46045,33.1,23.6
46047,34.0,21.6
46049,37.7,20.6
46051,44.9,17.2
46053,38.6,17.5
46055,36.8,18.6
46057,40.9,19.3
46059,38.2,20.2
46061,37.0,24.8
46063,30.2,30.5
46065,27.4,32.1
46067,32.2,26.1
46069,46.4,17.6
46071,32.1,20.2
46073,39.7,16.7
46075,39.8,17.3
46077,37.2,23.2
46079,33.3,28.4
46081,32.6,29.5
46083,22.9,41.0
46085,36.1,19.1
46087,35.1,22.6
46089,28.5,16.9
46091,32.8,21.1
46093,33.4,21.5
46095,34.2,17.5
46097,40.1,24.5
46099,29.4,29.3
46101,34.1,25.6
46103,28.3,27.9
46105,37.7,18.8
46107,40.4,20.0
46109,39.3,15.8
46111,40.4,16.1
46113,27.7,12.5
46115,35.2,22.0
46117,33.2,26.8
46119,35.6,26.3
46121,24.2,13.9
46123,33.0,21.8
46125,37.0,19.9
46127,30.0,32.7
46129,36.2,22.5
46135,34.4,26.7
46137,40.7,13.1
47000,33.1,24.4
47001,34.3,23.6
47003,40.4,13.3
47005,45.8,10.0
47007,43.5,10.2
47009,36.0,21.7
47011,33.0,19.3
47013,41.9,9.5
47015,45.0,12.8
47017,39.7,15.6
47019,38.3,16.1
47021,37.4,19.3
47023,38.3,15.6
47025,42.3,12.3
47027,45.8,13.3
47029,47.2,9.4
47031,38.8,18.2
47033,41.4,12.0
47035,39.2,17.8
47037,24.2,36.5
47039,43.2,13.3
47041,43.1,13.8
47043,44.5,13.5
47045,40.2,19.9
47047,36.0,22.7
47049,43.2,10.2
47051,37.0,18.7
47053,39.3,15.4
47055,42.4,14.6
47057,44.6,11.1
47059,41.3,15.5
47061,43.7,9.7
47063,41.0,16.1
47065,27.3,28.1
47067,43.5,10.1
47069,44.4,9.2
47071,43.8,12.4
47073,43.3,13.0
47075,42.7,12.4
47077,41.2,13.2
47079,45.1,16.3
47081,42.5,11.2
47083,45.3,11.0
47085,43.2,13.6
47087,44.8,9.5
47089,38.4,15.1
47091,41.6,9.3
47093,26.2,34.5
47095,44.0,8.2
47097,43.5,10.1
47099,42.2,11.9
47101,39.6,12.7
47103,40.1,16.3
47105,33.3,25.6
47107,41.8,14.8
47109,44.2,11.4
47111,44.6,9.0
47113,32.9,25.1
47115,36.3,15.3
47117,41.9,13.2
47119,36.4,18.6
47121,40.4,7.8
47123,41.9,11.2
47125,30.9,24.0
47127,40.8,13.9
47129,51.8,7.3
47131,40.5,15.4
47133,42.7,13.2
47135,42.1,12.7
47137,40.8,12.3
47139,43.5,10.2
47141,37.4,22.8
47143,40.5,11.7
47145,38.0,17.7
47147,40.2,16.9
47149,30.0,28.9
47151,45.4,10.5
47153,40.6,13.1
47155,37.8,15.4
47157,27.1,29.8
47159,46.8,11.0
47161,41.6,12.4
47163,35.3,21.2
47165,32.7,24.0
47167,38.3,14.8
47169,43.7,11.9
47171,39.6,13.4
47173,45.2,8.6
47175,51.8,12.4
47177,43.3,13.1
47179,29.9,30.8
47181,44.8,8.2
47183,40.0,19.5
47185,45.3,11.9
47187,17.0,54.1
47189,33.1,26.7
48000,25.2,27.1
48001,37.3,11.3
48003,34.8,13.6
48005,32.5,15.3
48007,30.1,19.5
48009,34.9,20.3
48011,25.1,24.4
48013,36.8,13.6
48015,33.8,19.5
48017,30.2,10.2
48019,28.7,21.5
48021,31.1,17.3
48023,31.2,22.4
48025,31.9,8.9
48027,28.5,22.2
48029,25.0,26.5
48031,29.5,27.9
48033,29.6,33.1
48035,33.7,15.4
48037,35.3,18.8
48039,25.5,27.9
48041,21.5,38.3
48043,21.5,36.3
48045,26.5,20.7
48047,37.2,11.0
48049,39.4,16.4
48051,35.6,13.7
48053,32.1,23.3
48055,35.1,15.6
48057,32.1,15.8
48059,38.7,13.4
48061,24.0,16.1
48063,32.3,14.3
48065,29.5,22.6
48067,43.7,12.7
48069,38.3,13.9
48071,31.3,18.8
48073,33.2,15.9
48075,40.8,20.0
48077,37.0,16.9
48079,30.5,13.7
48081,35.1,17.1
48083,38.9,14.0
48085,15.6,49.4
48087,31.5,18.7
48089,40.0,17.5
48091,24.3,33.2
48093,33.6,18.3
48095,33.7,11.8
48097,31.3,20.5
48099,31.1,15.5
48101,30.1,15.2
48103,30.1,11.8
48105,29.1,11.1
48107,32.0,11.6
48109,37.4,11.7
48111,31.9,11.1
48113,23.2,28.7
48115,36.0,10.1
48117,32.1,14.8
48119,36.9,17.0
48121,19.0,41.0
48123,36.9,13.3
48125,29.9,14.4
48127,26.5,10.4
48129,32.8,16.7
48131,32.5,7.0
48133,37.2,14.0
48135,28.5,14.3
48137,28.4,24.3
48139,30.1,21.2
48141,24.3,20.8
48143,26.6,25.6
48145,37.6,11.4
48147,34.7,15.6
48149,37.1,16.1
48151,35.3,14.1
48153,29.1,17.2
48155,27.2,20.9
48157,18.1,42.3
48159,32.1,22.0
48161,34.3,12.1
48163,35.3,7.9
48165,28.6,11.2
48167,25.7,28.3
48169,30.0,8.9
48171,25.8,33.3
48173,24.0,24.8
48175,37.7,15.3
48177,31.2,14.7
48179,31.4,14.5
48181,31.3,20.2
48183,27.5,19.9
48185,37.1,11.6
48187,29.5,25.2
48189,32.0,14.3
48191,28.9,12.4
48193,33.9,19.0
48195,28.1,21.9
48197,36.9,18.9
48199,38.1,15.4
48201,23.3,29.0
48203,34.5,18.6
48205,36.1,21.4
48207,32.4,16.6
48209,21.3,36.8
48211,28.4,22.2
48213,34.5,15.5
48215,23.7,16.4
48217,31.0,14.6
48219,27.0,16.1
48221,29.7,24.1
48223,36.7,15.2
48225,38.0,13.9
48227,29.5,13.0
48229,26.4,8.4
48231,34.5,17.4
48233,33.2,13.2
48235,39.4,13.1
48237,40.7,10.8
48239,34.7,16.5
48241,43.5,10.3
48243,22.2,38.4
48245,33.4,18.0
48247,34.9,13.0
48249,33.1,10.7
48251,32.5,16.6
48253,37.9,9.3
48255,35.0,12.4
48257,31.4,18.5
48259,20.8,40.7
48261,31.0,14.3
48263,27.8,23.3
48265,28.6,28.3
48267,36.5,16.8
48269,36.1,22.4
48271,25.1,13.2
48273,21.1,24.4
48275,38.9,13.2
48277,34.9,16.2
48279,30.8,14.1
48281,27.6,21.1
48283,32.8,13.5
48285,41.9,15.3
48287,38.6,17.0
48289,35.2,17.0
48291,38.2,8.8
48293,37.4,13.6
48295,36.1,21.1
48297,36.2,15.9
48299,27.0,26.8
48301,64.5,2.6
48303,25.6,28.0
48305,32.3,17.7
48307,33.0,15.7
48309,28.0,22.1
48311,29.5,4.4
48313,39.6,10.0
48315,38.3,14.5
48317,32.8,17.3
48319,32.5,24.1
48321,35.9,14.9
48323,22.3,12.1
48325,31.0,18.8
48327,29.9,19.2
48329,23.1,25.0
48331,37.8,16.0
48333,26.6,23.9
48335,32.3,9.9
48337,34.1,16.3
48339,24.5,31.7
48341,27.8,13.0
48343,35.3,12.8
48345,31.9,19.5
48347,28.9,25.0
48349,31.3,16.7
48351,48.3,6.9
48353,32.2,12.9
48355,27.4,20.4
48357,33.5,14.0
48359,18.9,30.3
48361,40.0,13.8
48363,36.2,15.9
48365,36.1,11.4
48367,27.1,25.6
48369,27.1,15.8
48371,34.2,11.5
48373,35.9,12.1
48375,27.8,15.1
48377,19.7,22.0
48379,40.5,11.4
48381,22.3,30.7
48383,30.5,11.0
48385,29.3,20.0
48387,38.2,14.2
48389,28.3,10.6
48391,34.9,10.3
48393,30.9,34.3
48395,36.9,17.0
48397,21.9,36.7
48399,40.5,13.7
48401,35.4,13.3
48403,43.9,12.2
48405,42.9,10.0
48407,42.8,12.3
48409,29.4,14.8
48411,31.7,13.5
48413,28.5,20.4
48415,27.5,15.4
48417,33.4,24.3
48419,35.6,13.8
48421,25.9,21.2
48423,25.6,25.2
48425,24.0,27.0
48427,21.8,9.6
48429,35.2,16.5
48431,28.8,26.6
48433,37.6,17.7
48435,28.1,17.8
48437,35.7,15.6
48439,23.8,29.7
48441,28.4,24.6
48443,33.0,16.9
48445,30.0,12.8
48447,31.9,20.7
48449,28.5,14.2
48451,31.4,21.5
48453,17.1,45.2
48455,44.4,10.8
48457,41.3,11.6
48459,33.9,14.3
48461,37.4,11.0
48463,21.8,15.3
48465,26.7,16.3
48467,36.3,14.9
48469,30.8,16.8
48471,34.9,18.4
48473,34.3,18.4
48475,31.9,12.8
48477,29.2,23.1
48479,23.0,17.0
48481,34.7,13.8
48483,30.7,16.9
48485,32.3,20.8
48487,29.1,17.6
48489,33.6,9.2
48491,20.6,38.6
48493,34.3,18.5
48495,29.7,11.1
48497,37.5,15.9
48499,34.8,17.9
48501,32.3,15.8
48503,36.6,17.6
48505,24.6,9.6
48507,25.8,8.5
49000,23.3,30.6
49001,37.2,18.2
49003,32.3,21.6
49005,21.8,35.9
49007,28.5,13.0
49009,35.8,19.3
49011,21.4,34.6
49013,34.7,15.4
49015,32.8,12.3
49017,31.8,21.4
49019,25.5,23.2
49021,24.6,27.9
49023,34.3,16.3
49025,28.7,25.6
49027,30.1,19.2
49029,25.9,34.5
49031,37.6,17.4
49033,40.1,16.1
49035,22.9,31.3
49037,32.2,18.8
49039,26.2,20.3
49041,34.1,16.2
49043,16.0,50.1
49045,32.1,20.6
49047,35.7,16.6
49049,17.0,36.9
49051,19.2,34.4
49053,25.0,27.1
49055,25.6,26.5
49057,28.6,23.2
50000,30.6,35.2
50001,32.1,35.4
50003,30.8,32.0
50005,36.5,25.8
50007,21.2,48.0
50009,42.5,14.1
50011,37.8,23.2
50013,30.2,32.4
50015,30.2,35.3
50017,33.9,31.6
50019,39.9,21.4
50021,34.3,28.8
50023,29.6,39.0
50025,31.6,34.5
50027,33.1,34.3
51000,25.0,35.8
51001,38.3,18.3
51003,18.5,52.1
51005,36.8,16.9
51007,34.2,15.6
51009,34.9,18.3
51011,38.3,15.3
51013,8.7,72.0
51015,40.9,21.2
51017,41.8,19.8
51019,32.6,26.3
51021,38.0,14.2
51023,35.0,25.4
51025,33.8,13.3
51027,34.6,8.6
51029,40.5,11.2
51031,36.0,18.9
51033,36.8,19.3
51035,34.6,13.0
51036,41.5,11.8
51037,35.7,15.4
51041,24.0,36.6
51043,27.0,32.2
51045,47.9,13.1
51047,34.0,21.4
51049,34.0,16.4
51051,34.9,10.2
51053,40.4,13.7
51057,37.6,13.7
51059,13.2,59.2
51061,27.7,34.3
51063,36.4,16.7
51065,27.1,29.6
51067,32.8,19.8
51069,30.2,28.2
51071,38.4,17.0
51073,32.9,22.9
51075,27.1,38.3
51077,39.0,10.8
51079,32.0,24.5
51081,44.5,8.5
51083,36.6,14.6
51085,27.8,36.3
51087,23.0,39.7
51089,34.0,11.5
51091,41.5,19.4
51093,28.3,26.1
51095,22.3,46.1
51097,42.0,16.8
51099,29.4,31.8
51101,41.1,19.1
51103,31.2,28.7
51105,32.5,11.1
51107,13.8,58.0
51109,38.9,19.2
51111,34.9,12.5
51113,34.8,23.1
51115,33.8,29.0
51117,33.9,15.2
51119,29.7,28.3
51121,21.9,44.3
51125,33.5,29.0
51127,31.4,24.6
51131,34.8,20.4
51133,31.9,23.6
51135,38.8,12.2
51137,34.2,24.0
51139,41.2,12.4
51141,36.4,11.2
51143,35.4,14.0
51145,29.2,28.0
51147,34.6,22.4
51149,34.7,18.5
51153,21.8,38.1
51155,32.6,16.4
51157,24.1,32.0
51159,41.2,12.9
51161,26.6,34.0
51163,37.1,23.5
51165,36.6,23.7
51167,37.7,11.9
51169,37.3,11.6
51171,40.0,19.8
51173,39.0,14.9
51175,34.4,14.8
51177,31.6,28.3
51179,24.3,37.1
51181,30.6,18.8
51183,40.3,9.0
51185,35.4,12.8
51187,38.7,19.7
51191,32.8,23.5
51193,38.4,16.5
51195,33.5,12.8
51197,37.1,15.2
51199,19.4,42.0
51510,11.9,61.5
51515,,
51520,34.0,20.4
51530,37.9,14.0
51540,22.2,49.3
51550,27.0,29.4
51560,,
51570,36.7,19.6
51580,41.1,9.0
51590,28.6,17.2
51595,30.6,15.0
51600,15.5,53.5
51610,8.9,75.1
51620,26.1,19.8
51630,27.3,37.7
51640,32.5,12.4
51650,26.9,23.3
51660,27.1,35.6
51670,39.8,10.9
51678,21.2,44.8
51680,25.6,32.3
51683,27.0,29.1
51685,25.3,26.3
51690,29.7,16.6
51700,28.1,24.1
51710,26.9,25.6
51720,21.7,20.5
51730,33.5,14.9
51735,25.0,35.8
51740,29.1,19.5
51750,21.3,34.9
51760,23.2,35.4
51770,30.3,24.1
51775,28.1,30.7
51790,29.4,31.5
51800,27.9,26.1
51810,22.7,33.5
51820,38.3,19.0
51830,19.1,48.6
51840,30.4,28.1
53000,23.3,32.3
53001,26.8,13.5
53003,31.2,18.5
53005,24.2,29.2
53007,30.4,24.0
53009,27.5,24.5
53011,25.9,26.5
53013,26.2,20.4
53015,29.8,15.6
53017,27.4,17.3
53019,32.5,15.7
53021,26.4,15.4
53023,31.3,21.9
53025,27.5,15.5
53027,31.4,15.0
53029,23.7,31.7
53031,22.2,37.3
53033,16.7,47.1
53035,23.5,30.0
53037,27.6,34.0
53039,30.4,20.6
53041,32.2,14.1
53043,33.3,19.3
53045,29.6,17.9
53047,31.3,17.0
53049,31.9,16.5
53051,33.0,16.6
53053,29.0,24.2
53055,17.5,45.2
53057,25.7,24.5
53059,28.7,21.4
53061,24.2,29.3
53063,25.3,28.6
53065,33.0,17.6
53067,23.2,32.9
53069,35.2,13.9
53071,23.3,26.5
53073,22.7,32.4
53075,18.5,47.8
53077,26.8,15.9
54000,40.9,18.7
54001,44.9,12.3
54003,37.8,20.3
54005,47.4,9.1
54007,49.3,10.8
54009,44.5,17.1
54011,32.6,26.4
54013,49.8,8.9
54015,44.3,9.4
54017,48.1,12.7
54019,44.2,11.8
54021,35.4,16.6
54023,52.1,12.6
54025,43.4,18.2
54027,51.4,8.7
54029,43.4,16.8
54031,49.5,12.2
54033,39.8,20.2
54035,40.3,16.2
54037,33.2,28.3
54039,37.2,24.9
54041,47.9,14.9
54043,43.1,9.1
54045,42.5,8.5
54047,42.7,5.8
54049,41.9,20.9
54051,47.2,15.9
54053,46.1,10.1
54055,37.8,19.0
54057,50.6,12.8
54059,40.5,10.5
54061,30.5,38.8
54063,49.6,13.8
54065,44.5,16.5
54067,48.6,13.6
54069,36.1,28.6
54071,45.9,14.0
54073,48.4,13.3
54075,47.8,15.8
54077,47.4,12.9
54079,37.6,23.9
54081,39.6,18.2
54083,47.7,18.1
54085,47.1,10.4
54087,48.0,10.3
54089,41.8,13.0
54091,46.2,15.8
54093,50.4,13.8
54095,50.5,10.0
54097,48.8,15.8
54099,40.2,12.6
54101,44.0,9.1
54103,48.9,10.2
54105,47.9,10.9
54107,37.2,18.7
54109,44.9,9.0
55000,32.4,27.4
55001,42.7,12.6
55003,35.0,22.3
55005,40.8,16.6
55007,31.2,28.3
55009,31.8,27.5
55011,42.0,17.7
55013,40.7,16.8
55015,34.5,28.0
55017,38.6,19.2
55019,44.2,11.7
55021,35.4,22.2
55023,42.9,15.3
55025,19.4,47.6
55027,39.5,15.7
55029,34.4,29.4
55031,32.5,21.9
55033,35.3,25.3
55035,27.1,31.1
55037,40.1,15.4
55039,38.5,20.9
55041,40.9,14.2
55043,39.1,20.2
55045,39.2,20.9
55047,42.3,17.3
55049,35.7,23.2
55051,36.2,20.6
55053,42.8,13.9
55055,37.0,23.3
55057,41.3,12.4
55059,33.7,24.3
55061,45.6,14.4
55063,28.4,30.8
55065,42.9,17.3
55067,44.1,13.5
55069,40.7,15.2
55071,40.2,19.6
55073,37.6,23.0
55075,43.0,13.9
55077,44.2,13.0
55078,41.7,16.5
55079,28.6,28.7
55081,39.1,17.5
55083,43.8,15.4
55085,34.3,24.4
55087,34.0,26.9
55089,22.4,46.4
55091,42.9,17.1
55093,33.1,26.3
55095,39.2,19.2
55097,34.3,28.3
55099,42.0,16.1
55101,31.7,23.4
55103,40.8,16.7
55105,36.9,20.0
55107,44.8,14.2
55109,28.5,32.4
55111,36.6,21.9
55113,33.1,22.1
55115,45.4,15.1
55117,37.2,22.5
55119,46.7,13.8
55121,39.1,18.1
55123,37.5,20.1
55125,33.1,24.9
55127,32.7,26.3
55129,38.7,20.5
55131,30.6,27.9
55133,24.5,41.0
55135,44.0,16.5
55137,40.8,15.2
55139,34.2,26.1
55141,39.2,18.9
56000,29.4,25.1
56001,16.0,48.8
56003,31.5,20.0
56005,35.9,19.2
56007,36.0,17.2
56009,34.7,19.6
56011,33.9,21.6
56013,30.5,21.5
56015,30.7,21.5
56017,29.5,19.5
56019,33.9,27.0
56021,27.0,26.8
56023,31.5,20.1
56025,28.2,21.3
56027,28.4,21.4
56029,28.9,28.3
56031,31.2,19.2
56033,26.4,28.9
56035,31.0,23.6
56037,35.8,18.1
56039,19.2,51.9
56041,33.0,18.7
56043,31.6,21.2
56045,32.2,16.8
72000,26.8,23.6
72001,25.6,16.1
72003,19.6,21.6
72005,26.8,21.9
72007,31.3,14.2
72009,31.5,21.0
72011,34.5,14.0
72013,29.1,21.5
72015,31.1,16.9
72017,32.4,16.5
72019,28.3,18.2
72021,23.3,26.6
72023,25.1,23.3
72025,25.6,28.8
72027,24.7,20.7
72029,30.6,19.9
72031,25.6,28.7
72033,30.0,20.7
72035,32.4,22.9
72037,32.0,18.1
72039,31.2,11.6
72041,33.0,21.8
72043,30.6,19.2
72045,30.3,12.0
72047,29.6,15.5
72049,30.2,10.4
72051,24.2,29.9
72053,32.0,21.6
72054,41.4,10.4
72055,33.8,15.3
72057,32.5,20.1
72059,29.9,18.6
72061,18.5,44.5
72063,22.8,31.9
72065,21.8,22.1
72067,29.9,22.6
72069,31.0,21.5
72071,28.4,19.2
72073,35.5,16.0
72075,28.6,21.1
72077,29.3,22.2
72079,25.4,13.9
72081,22.8,17.2
72083,28.9,15.1
72085,34.8,18.8
72087,37.2,14.0
72089,34.6,18.3
72091,27.3,22.2
72093,37.6,11.7
72095,27.6,17.0
72097,29.8,20.8
72099,29.9,19.2
72101,28.0,15.0
72103,29.3,19.4
72105,27.9,15.1
72107,31.4,15.4
72109,29.9,15.3
72111,31.2,15.8
72113,28.9,24.9
72115,25.9,18.5
72117,21.7,18.7
72119,30.9,18.7
72121,30.4,19.7
72123,33.5,16.4
72125,27.9,21.5
72127,20.9,34.2
72129,27.4,17.5
72131,22.5,17.0
72133,30.2,22.2
72135,25.1,28.0
72137,29.4,20.5
72139,23.3,33.8
72141,27.1,17.8
72143,22.3,17.3
72145,11.4,19.1
72147,37.7,11.2
72149,33.8,16.2
72151,29.2,14.2
72153,28.4,20.1
